Crop,Crop_Year,Season,State,Area (Hectares),Production (metric tons),Annual_Rainfall (mm),Fertilizer (kg),Pesticide (kg),Yield (metric tons/hectares)
Arhar/Tur,1997,Kharif     ,Uttar Pradesh,465581,480673,473.9,44309343.77,144330.11,1.03242
Bajra,1997,Kharif     ,Uttar Pradesh,864228,1252811,473.9,82248578.76,267910.68,1.44963
Barley,1997,Rabi       ,Uttar Pradesh,337037,747044,473.9,32075811.29,104481.47,2.21650
Castor seed,1997,Kharif     ,Uttar Pradesh,23,15,473.9,2188.91,7.13,0.65217
Gram,1997,Rabi       ,Uttar Pradesh,881819,746516,473.9,83922714.23,273363.89,0.84656
Groundnut,1997,Kharif     ,Uttar Pradesh,138588,124084,473.9,13189419.96,42962.28,0.89534
Jowar,1997,Kharif     ,Uttar Pradesh,397761,353464,473.9,37854914.37,123305.91,0.88863
Linseed,1997,Rabi       ,Uttar Pradesh,81733,34838,473.9,7778529.61,25337.23,0.42624
Maize,1997,Kharif     ,Uttar Pradesh,1017592,1598438,473.9,96844230.64,315453.52,1.57080
Maize,1997,Summer     ,Uttar Pradesh,10385,16398,473.9,988340.45,3219.35,1.57901
Masoor,1997,Rabi       ,Uttar Pradesh,505695,365390,473.9,48126993.15,156765.45,0.72255
Moong(Green Gram),1997,Kharif     ,Uttar Pradesh,29316,8446,473.9,2790003.72,9087.96,0.28810
Moong(Green Gram),1997,Summer     ,Uttar Pradesh,86459,36738,473.9,8228303.03,26802.29,0.42492
Moth,1997,Kharif     ,Uttar Pradesh,933194,571557,473.9,88812072.98,289290.14,0.61247
Onion,1997,Kharif     ,Uttar Pradesh,20151,209189,473.9,1917770.67,6246.81,10.38107
Peas & beans (Pulses),1997,Rabi       ,Uttar Pradesh,427413,497369,473.9,40676895.21,132498.03,1.16367
Potato,1997,Whole Year ,Uttar Pradesh,400234,5869975,473.9,38090269.78,124072.54,14.66636
Rapeseed &Mustard,1997,Rabi       ,Uttar Pradesh,759048,445133,473.9,72238598.16,235304.88,0.58644
Rice,1997,Kharif     ,Uttar Pradesh,5726527,12262794,473.9,544993574.6,1775223.37,2.14140
Rice,1997,Summer     ,Uttar Pradesh,6607,18281,473.9,628788.19,2048.17,2.76691
Sesamum,1997,Kharif     ,Uttar Pradesh,105997,15976,473.9,10087734.49,32859.07,0.15072
Small millets,1997,Kharif     ,Uttar Pradesh,244340,285040,473.9,23253837.8,75745.4,1.16657
Soyabean,1997,Kharif     ,Uttar Pradesh,52761,51936,473.9,5021264.37,16355.91,0.98436
Sugarcane,1997,Kharif     ,Uttar Pradesh,6719,379133,473.9,639447.23,2082.89,56.42700
Sugarcane,1997,Whole Year ,Uttar Pradesh,1985223,121066703,473.9,188933672.9,615419.13,60.98393
Sunflower,1997,Rabi       ,Uttar Pradesh,26405,35701,473.9,2512963.85,8185.55,1.35205
Urad,1997,Kharif     ,Uttar Pradesh,324558,134619,473.9,30888184.86,100612.98,0.41478
Urad,1997,Summer     ,Uttar Pradesh,72023,33793,473.9,6854428.91,22327.13,0.46920
Wheat,1997,Rabi       ,Uttar Pradesh,9152928,22830886,473.9,871084157.8,2837407.68,2.49438
Arhar/Tur,1998,Kharif     ,Uttar Pradesh,427079,497339,743.4,42195405.2,123852.91,1.16451
Bajra,1998,Kharif     ,Uttar Pradesh,842795,979347,743.4,83268146,244410.55,1.16202
Barley,1998,Rabi       ,Uttar Pradesh,330535,702706,743.4,32656858,95855.15,2.12597
Castor seed,1998,Rabi       ,Uttar Pradesh,36,24,743.4,3556.8,10.44,0.66667
Cotton(lint),1998,Kharif     ,Uttar Pradesh,7454,813,743.4,736455.2,2161.66,0.10907
Gram,1998,Rabi       ,Uttar Pradesh,886463,772933,743.4,87582544.4,257074.27,0.87193
Groundnut,1998,Kharif     ,Uttar Pradesh,130605,84803,743.4,12903774,37875.45,0.64931
Jowar,1998,Kharif     ,Uttar Pradesh,353897,247658,743.4,34965023.6,102630.13,0.69980
Jute,1998,Kharif     ,Uttar Pradesh,66,51,743.4,6520.8,19.14,0.77273
Linseed,1998,Rabi       ,Uttar Pradesh,71995,27284,743.4,7113106,20878.55,0.37897
Maize,1998,Kharif     ,Uttar Pradesh,995794,1012898,743.4,98384447.2,288780.26,1.01718
Maize,1998,Summer     ,Uttar Pradesh,10551,10699,743.4,1042438.8,3059.79,1.01403
Masoor,1998,Rabi       ,Uttar Pradesh,545528,395359,743.4,53898166.4,158203.12,0.72473
Moong(Green Gram),1998,Kharif     ,Uttar Pradesh,26341,5716,743.4,2602490.8,7638.89,0.21700
Moong(Green Gram),1998,Summer     ,Uttar Pradesh,81599,41796,743.4,8061981.2,23663.71,0.51221
Moth,1998,Kharif     ,Uttar Pradesh,164,63,743.4,16203.2,47.56,0.38415
Onion,1998,Whole Year ,Uttar Pradesh,24949,302996,743.4,2464961.2,7235.21,12.14462
Peas & beans (Pulses),1998,Rabi       ,Uttar Pradesh,492128,504552,743.4,48622246.4,142717.12,1.02525
Potato,1998,Whole Year ,Uttar Pradesh,429231,9793745,743.4,42408022.8,124476.99,22.81696
Ragi,1998,Kharif     ,Uttar Pradesh,134750,184356,743.4,13313300,39077.5,1.36813
Rapeseed &Mustard,1998,Rabi       ,Uttar Pradesh,675105,557633,743.4,66700374,195780.45,0.82599
Rice,1998,Kharif     ,Uttar Pradesh,5875153,11374070,743.4,580465116.4,1703794.37,1.93596
Rice,1998,Summer     ,Uttar Pradesh,5629,12643,743.4,556145.2,1632.41,2.24605
Sannhamp,1998,Whole Year ,Uttar Pradesh,9421,3429,743.4,930794.8,2732.09,0.36397
Sesamum,1998,Kharif     ,Uttar Pradesh,91956,11274,743.4,9085252.8,26667.24,0.12260
Small millets,1998,Kharif     ,Uttar Pradesh,245805,298031,743.4,24285534,71283.45,1.21247
Soyabean,1998,Kharif     ,Uttar Pradesh,52885,21995,743.4,5225038,15336.65,0.41590
Sugarcane,1998,Whole Year ,Uttar Pradesh,1974642,116483396,743.4,195094629.6,572646.18,58.98963
Sunflower,1998,Rabi       ,Uttar Pradesh,27742,33926,743.4,2740909.6,8045.18,1.22291
Tobacco,1998,Whole Year ,Uttar Pradesh,18679,123903,743.4,1845485.2,5416.91,6.63328
Turmeric,1998,Whole Year ,Uttar Pradesh,836,1554,743.4,82596.8,242.44,1.85885
Urad,1998,Kharif     ,Uttar Pradesh,287704,77017,743.4,28425155.2,83434.16,0.26770
Urad,1998,Summer     ,Uttar Pradesh,69711,32249,743.4,6887446.8,20216.19,0.46261
Wheat,1998,Rabi       ,Uttar Pradesh,9317904,23465191,743.4,920608915.2,2702192.16,2.51829
Arhar/Tur,1999,Kharif     ,Uttar Pradesh,426486,545353,883.4,45262959.18,115151.22,1.27871
Bajra,1999,Kharif     ,Uttar Pradesh,835019,1165247,883.4,88620566.47,225455.13,1.39547
Barley,1999,Rabi       ,Uttar Pradesh,312769,697504,883.4,33194173.97,84447.63,2.23009
Castor seed,1999,Kharif     ,Uttar Pradesh,76,49,883.4,8065.88,20.52,0.64474
Cotton(lint),1999,Kharif     ,Uttar Pradesh,6914,6077,883.4,733782.82,1866.78,0.87894
Gram,1999,Rabi       ,Uttar Pradesh,821996,778932,883.4,87238435.48,221938.92,0.94761
Groundnut,1999,Kharif     ,Uttar Pradesh,115536,96166,883.4,12261835.68,31194.72,0.83235
Jowar,1999,Kharif     ,Uttar Pradesh,358812,320643,883.4,38080717.56,96879.24,0.89362
Jute,1999,Kharif     ,Uttar Pradesh,38,29,883.4,4032.94,10.26,0.76316
Linseed,1999,Rabi       ,Uttar Pradesh,69214,30392,883.4,7345681.82,18687.78,0.43910
Maize,1999,Kharif     ,Uttar Pradesh,955522,1380635,883.4,101409549.9,257990.94,1.44490
Maize,1999,Rabi       ,Uttar Pradesh,11659,16894,883.4,1237369.67,3147.93,1.44901
Moong(Green Gram),1999,Kharif     ,Uttar Pradesh,26715,7518,883.4,2835262.95,7213.05,0.28141
Moong(Green Gram),1999,Summer     ,Uttar Pradesh,70973,38408,883.4,7532364.49,19162.71,0.54116
Moth,1999,Whole Year ,Uttar Pradesh,204,84,883.4,21650.52,55.08,0.41176
Onion,1999,Whole Year ,Uttar Pradesh,28666,404070,883.4,3042322.58,7739.82,14.09579
Peas & beans (Pulses),1999,Whole Year ,Uttar Pradesh,408085,564623,883.4,43310061.05,110182.95,1.38359
Potato,1999,Whole Year ,Uttar Pradesh,441656,9952976,883.4,46872951.28,119247.12,22.53558
Ragi,1999,Rabi       ,Uttar Pradesh,137622,190689,883.4,14605822.86,37157.94,1.38560
Rapeseed &Mustard,1999,Rabi       ,Uttar Pradesh,655386,668346,883.4,69556116.18,176954.22,1.01977
Rice,1999,Kharif     ,Uttar Pradesh,6079822,13230539,883.4,645251508.9,1641551.94,2.17614
Rice,1999,Summer     ,Uttar Pradesh,6052,16186,883.4,642298.76,1634.04,2.67449
Small millets,1999,Kharif     ,Uttar Pradesh,239361,300468,883.4,25403382.93,64627.47,1.25529
Soyabean,1999,Kharif     ,Uttar Pradesh,22663,17332,883.4,2405224.19,6119.01,0.76477
Sugarcane,1999,Whole Year ,Uttar Pradesh,2011024,115418883,883.4,213429977.1,542976.48,57.39309
Sunflower,1999,Kharif     ,Uttar Pradesh,14317,18342,883.4,1519463.21,3865.59,1.28113
Tobacco,1999,Whole Year ,Uttar Pradesh,19468,133250,883.4,2066138.84,5256.36,6.84457
Turmeric,1999,Whole Year ,Uttar Pradesh,1271,1981,883.4,134891.23,343.17,1.55862
Urad,1999,Kharif     ,Uttar Pradesh,271349,112667,883.4,28798269.37,73264.23,0.41521
Urad,1999,Summer     ,Uttar Pradesh,67969,32911,883.4,7213549.97,18351.63,0.48421
Wheat,1999,Rabi       ,Uttar Pradesh,9381878,26050768,883.4,995698712.1,2533107.06,2.77671
Arhar/Tur,2000,Kharif     ,Uttar Pradesh,406596,509756,874.4,39915529.32,105714.96,1.25372
Bajra,2000,Kharif     ,Uttar Pradesh,881010,1277360,874.4,86488751.7,229062.6,1.44988
Barley,2000,Rabi       ,Uttar Pradesh,286886,604453,874.4,28163598.62,74590.36,2.10694
Castor seed,2000,Kharif     ,Uttar Pradesh,25,16,874.4,2454.25,6.5,0.64000
Cotton(lint),2000,Kharif     ,Uttar Pradesh,5328,4759,874.4,523049.76,1385.28,0.89321
Gram,2000,Rabi       ,Uttar Pradesh,833007,702718,874.4,81776297.19,216581.82,0.84359
Groundnut,2000,Kharif     ,Uttar Pradesh,115425,96359,874.4,11331272.25,30010.5,0.83482
Jowar,2000,Kharif     ,Uttar Pradesh,347427,329499,874.4,34106908.59,90331.02,0.94840
Jute,2000,Kharif     ,Uttar Pradesh,30,25,874.4,2945.1,7.8,0.83333
Linseed,2000,Rabi       ,Uttar Pradesh,55279,19911,874.4,5426739.43,14372.54,0.36019
Maize,2000,Kharif     ,Uttar Pradesh,907927,1473111,874.4,89131193.59,236061.02,1.62250
Maize,2000,Rabi       ,Uttar Pradesh,12914,20943,874.4,1267767.38,3357.64,1.62173
Masoor,2000,Rabi       ,Uttar Pradesh,651730,408052,874.4,63980334.1,169449.8,0.62611
Moong(Green Gram),2000,Kharif     ,Uttar Pradesh,28449,8585,874.4,2792838.33,7396.74,0.30177
Moong(Green Gram),2000,Rabi       ,Uttar Pradesh,53103,24016,874.4,5213121.51,13806.78,0.45225
Moth,2000,Kharif     ,Uttar Pradesh,151,46,874.4,14823.67,39.26,0.30464
Peas & beans (Pulses),2000,Rabi       ,Uttar Pradesh,333480,344524,874.4,32737731.6,86704.8,1.03312
Potato,2000,Whole Year ,Uttar Pradesh,394083,8398200,874.4,38687128.11,102461.58,21.31074
Rapeseed &Mustard,2000,Rabi       ,Uttar Pradesh,556142,556379,874.4,54596460.14,144596.92,1.00043
Rice,2000,Kharif     ,Uttar Pradesh,5904128,11672250,874.4,579608245.8,1535073.28,1.97696
Rice,2000,Summer     ,Uttar Pradesh,3023,6899,874.4,296767.91,785.98,2.28217
Sesamum,2000,Kharif     ,Uttar Pradesh,107983,17434,874.4,10600691.11,28075.58,0.16145
Small millets,2000,Kharif     ,Uttar Pradesh,32410,22009,874.4,3181689.7,8426.6,0.67908
Soyabean,2000,Kharif     ,Uttar Pradesh,15743,9207,874.4,1545490.31,4093.18,0.58483
Sugarcane,2000,Whole Year ,Uttar Pradesh,1938366,106067503,874.4,190289390.2,503975.16,54.72006
Turmeric,2000,Whole Year ,Uttar Pradesh,1253,2185,874.4,123007.01,325.78,1.74381
Urad,2000,Kharif     ,Uttar Pradesh,322257,134130,874.4,31635969.69,83786.82,0.41622
Urad,2000,Rabi       ,Uttar Pradesh,62905,28929,874.4,6175383.85,16355.3,0.45988
Wheat,2000,Rabi       ,Uttar Pradesh,9239311,25168332,874.4,907023160.9,2402220.86,2.72405
Arhar/Tur,2001,Kharif     ,Uttar Pradesh,394228,456228,849.9,40262505.64,102499.28,1.15727
Bajra,2001,Kharif     ,Uttar Pradesh,850727,967732,849.9,86884748.51,221189.02,1.13754
Barley,2001,Rabi       ,Uttar Pradesh,253713,592021,849.9,25911708.69,65965.38,2.33343
Cotton(lint),2001,Kharif     ,Uttar Pradesh,4512,4571,849.9,460810.56,1173.12,1.01308
Gram,2001,Rabi       ,Uttar Pradesh,840602,816795,849.9,85850682.26,218556.52,0.97168
Groundnut,2001,Kharif     ,Uttar Pradesh,107515,90156,849.9,10980506.95,27953.9,0.83854
Jowar,2001,Kharif     ,Uttar Pradesh,322575,309068,849.9,32944584.75,83869.5,0.95813
Linseed,2001,Rabi       ,Uttar Pradesh,40928,17199,849.9,4179976.64,10641.28,0.42023
Maize,2001,Kharif     ,Uttar Pradesh,913718,1488204,849.9,93318019.34,237566.68,1.62873
Maize,2001,Rabi       ,Uttar Pradesh,17419,28376,849.9,1779002.47,4528.94,1.62903
Masoor,2001,Rabi       ,Uttar Pradesh,625265,499774,849.9,63858314.45,162568.9,0.79930
Moong(Green Gram),2001,Kharif     ,Uttar Pradesh,28084,7724,849.9,2868218.92,7301.84,0.27503
Moong(Green Gram),2001,Rabi       ,Uttar Pradesh,38576,18201,849.9,3939766.88,10029.76,0.47182
Moth,2001,Kharif     ,Uttar Pradesh,339,132,849.9,34622.07,88.14,0.38938
Peas & beans (Pulses),2001,Rabi       ,Uttar Pradesh,327556,395889,849.9,33453294.28,85164.56,1.20861
Potato,2001,Whole Year ,Uttar Pradesh,388552,9582545,849.9,39682815.76,101023.52,24.66219
Rapeseed &Mustard,2001,Rabi       ,Uttar Pradesh,566445,573614,849.9,57851027.85,147275.7,1.01266
Rice,2001,Kharif     ,Uttar Pradesh,6068496,12849116,849.9,619775496.5,1577808.96,2.11735
Rice,2001,Summer     ,Uttar Pradesh,2829,6741,849.9,288925.77,735.54,2.38282
Sesamum,2001,Kharif     ,Uttar Pradesh,102898,25705,849.9,10508972.74,26753.48,0.24981
Small millets,2001,Kharif     ,Uttar Pradesh,28500,19301,849.9,2910705,7410,0.67723
Soyabean,2001,Kharif     ,Uttar Pradesh,10939,7909,849.9,1117200.07,2844.14,0.72301
Sugarcane,2001,Whole Year ,Uttar Pradesh,2034883,117981573,849.9,207822600.8,529069.58,57.97954
Sunflower,2001,Kharif     ,Uttar Pradesh,5496,10609,849.9,561306.48,1428.96,1.93031
Tobacco,2001,Whole Year ,Uttar Pradesh,19772,134679,849.9,2019314.36,5140.72,6.81160
Turmeric,2001,Whole Year ,Uttar Pradesh,1419,2543,849.9,144922.47,368.94,1.79211
Urad,2001,Kharif     ,Uttar Pradesh,362868,148046,849.9,37059708.84,94345.68,0.40799
Urad,2001,Rabi       ,Uttar Pradesh,60535,29710,849.9,6182439.55,15739.1,0.49079
Wheat,2001,Rabi       ,Uttar Pradesh,9255937,25498002,849.9,945308845.8,2406543.62,2.75477
Arhar/Tur,2003,Kharif     ,Uttar Pradesh,360467,395677,1075.6,35679023.66,86512.08,1.09768
Bajra,2003,Kharif     ,Uttar Pradesh,924202,1188103,1075.6,91477513.96,221808.48,1.28554
Barley,2003,Rabi       ,Uttar Pradesh,233928,516818,1075.6,23154193.44,56142.72,2.20930
Gram,2003,Rabi       ,Uttar Pradesh,771682,800270,1075.6,76381084.36,185203.68,1.03705
Groundnut,2003,Kharif     ,Uttar Pradesh,85143,56879,1075.6,8427454.14,20434.32,0.66804
Jowar,2003,Kharif     ,Uttar Pradesh,300167,298075,1075.6,29710529.66,72040.08,0.99303
Linseed,2003,Rabi       ,Uttar Pradesh,36435,17968,1075.6,3606336.3,8744.4,0.49315
Maize,2003,Kharif     ,Uttar Pradesh,817385,1117621,1075.6,80904767.3,196172.4,1.36731
Maize,2003,Rabi       ,Uttar Pradesh,4172,5704,1075.6,412944.56,1001.28,1.36721
Maize,2003,Summer     ,Uttar Pradesh,20641,28216,1075.6,2043046.18,4953.84,1.36699
Masoor,2003,Rabi       ,Uttar Pradesh,571992,515023,1075.6,56615768.16,137278.08,0.90040
Moong(Green Gram),2003,Kharif     ,Uttar Pradesh,35227,8228,1075.6,3486768.46,8454.48,0.23357
Moong(Green Gram),2003,Summer     ,Uttar Pradesh,34070,18128,1075.6,3372248.6,8176.8,0.53208
Moth,2003,Kharif     ,Uttar Pradesh,379,146,1075.6,37513.42,90.96,0.38522
Onion,2003,Rabi       ,Uttar Pradesh,8781,126033,1075.6,869143.38,2107.44,14.35292
Onion,2003,Summer     ,Uttar Pradesh,11390,112405,1075.6,1127382.2,2733.6,9.86874
Peas & beans (Pulses),2003,Rabi       ,Uttar Pradesh,399208,547690,1075.6,39513607.84,95809.92,1.37194
Potato,2003,Whole Year ,Uttar Pradesh,441796,9540059,1075.6,43728968.08,106031.04,21.59381
Ragi,2003,Rabi       ,Uttar Pradesh,221,323,1075.6,21874.58,53.04,1.46154
Rapeseed &Mustard,2003,Rabi       ,Uttar Pradesh,536115,533534,1075.6,53064662.7,128667.6,0.99519
Rice,2003,Kharif     ,Uttar Pradesh,5719933,12476923,1075.6,566158968.3,1372783.92,2.18131
Rice,2003,Summer     ,Uttar Pradesh,7839,18016,1075.6,775904.22,1881.36,2.29825
Sannhamp,2003,Whole Year ,Uttar Pradesh,3876,1167,1075.6,383646.48,930.24,0.30108
Sesamum,2003,Kharif     ,Uttar Pradesh,94950,12307,1075.6,9398151,22788,0.12962
Soyabean,2003,Kharif     ,Uttar Pradesh,4954,5315,1075.6,490346.92,1188.96,1.07287
Sugarcane,2003,Whole Year ,Uttar Pradesh,2110126,117566725,1075.6,208860271.5,506430.24,55.71550
Sunflower,2003,Kharif     ,Uttar Pradesh,12044,20111,1075.6,1192115.12,2890.56,1.66979
Tobacco,2003,Whole Year ,Uttar Pradesh,23384,155821,1075.6,2314548.32,5612.16,6.66357
Turmeric,2003,Whole Year ,Uttar Pradesh,887,1604,1075.6,87795.26,212.88,1.80834
Urad,2003,Kharif     ,Uttar Pradesh,566876,134187,1075.6,56109386.48,136050.24,0.23671
Urad,2003,Summer     ,Uttar Pradesh,57741,28301,1075.6,5715204.18,13857.84,0.49014
Wheat,2003,Rabi       ,Uttar Pradesh,9443104,26349910,1075.6,934678433.9,2266344.96,2.79039
Arhar/Tur,2006,Kharif     ,Uttar Pradesh,406572,304386,590.5,51923310.12,89445.84,0.74866
Bajra,2006,Kharif     ,Uttar Pradesh,883877,1285887,590.5,112879931.7,194452.94,1.45483
Banana,2006,Whole Year ,Uttar Pradesh,2002,77709,590.5,255675.42,440.44,38.81568
Barley,2006,Rabi       ,Uttar Pradesh,193273,386300,590.5,24682894.83,42520.06,1.99873
Coriander,2006,Whole Year ,Uttar Pradesh,5515,2869,590.5,704320.65,1213.3,0.52022
Cotton(lint),2006,Kharif     ,Uttar Pradesh,5174,1105,590.5,660771.54,1138.28,0.21357
Dry chillies,2006,Whole Year ,Uttar Pradesh,15071,14295,590.5,1924717.41,3315.62,0.94851
Garlic,2006,Rabi       ,Uttar Pradesh,31932,140404,590.5,4078035.72,7025.04,4.39697
Ginger,2006,Kharif     ,Uttar Pradesh,887,2728,590.5,113278.77,195.14,3.07554
Gram,2006,Rabi       ,Uttar Pradesh,674884,500799,590.5,86189435.64,148474.48,0.74205
Groundnut,2006,Kharif     ,Uttar Pradesh,100483,72636,590.5,12832683.93,22106.26,0.72287
Guar seed,2006,Whole Year ,Uttar Pradesh,2494,2097,590.5,318508.74,548.68,0.84082
Jowar,2006,Kharif     ,Uttar Pradesh,231290,238052,590.5,29538045.9,50883.8,1.02924
Linseed,2006,Rabi       ,Uttar Pradesh,33759,11855,590.5,4311361.89,7426.98,0.35117
Maize,2006,Kharif     ,Uttar Pradesh,842052,1116939,590.5,107538460.9,185251.44,1.32645
Maize,2006,Rabi       ,Uttar Pradesh,4215,13278,590.5,538297.65,927.3,3.15018
Maize,2006,Summer     ,Uttar Pradesh,25366,33635,590.5,3239491.86,5580.52,1.32599
Masoor,2006,Rabi       ,Uttar Pradesh,615721,433856,590.5,78633728.91,135458.62,0.70463
Onion,2006,Rabi       ,Uttar Pradesh,7525,144345,590.5,961017.75,1655.5,19.18206
Onion,2006,Summer     ,Uttar Pradesh,13173,153400,590.5,1682323.83,2898.06,11.64503
Other  Rabi pulses,2006,Rabi       ,Uttar Pradesh,419943,405970,590.5,53630920.53,92387.46,0.96673
Other Kharif pulses,2006,Kharif     ,Uttar Pradesh,606775,330090,590.5,77491235.25,133490.5,0.54401
Potato,2006,Rabi       ,Uttar Pradesh,469301,10247912,590.5,59934430.71,103246.22,21.83654
Rapeseed &Mustard,2006,Rabi       ,Uttar Pradesh,599187,612604,590.5,76522171.77,131821.14,1.02239
Rice,2006,Kharif     ,Uttar Pradesh,5902577,11082993,590.5,753818108.7,1298566.94,1.87765
Rice,2006,Summer     ,Uttar Pradesh,18175,40620,590.5,2321129.25,3998.5,2.23494
Sannhamp,2006,Kharif     ,Uttar Pradesh,3248,903,590.5,414802.08,714.56,0.27802
Sesamum,2006,Kharif     ,Uttar Pradesh,140351,23629,590.5,17924226.21,30877.22,0.16836
Small millets,2006,Kharif     ,Uttar Pradesh,17136,10517,590.5,2188438.56,3769.92,0.61374
Soyabean,2006,Kharif     ,Uttar Pradesh,7494,7314,590.5,957058.74,1648.68,0.97598
Sugarcane,2006,Kharif     ,Uttar Pradesh,2246520,133949379,590.5,286903069.2,494234.4,59.62528
Sunflower,2006,Summer     ,Uttar Pradesh,13783,20608,590.5,1760226.93,3032.26,1.49518
Sweet potato,2006,Kharif     ,Uttar Pradesh,18853,257323,590.5,2407716.63,4147.66,13.64892
Tobacco,2006,Rabi       ,Uttar Pradesh,23227,123614,590.5,2966320.17,5109.94,5.32200
Tobacco,2006,Summer     ,Uttar Pradesh,490,1445,590.5,62577.9,107.8,2.94898
Turmeric,2006,Rabi       ,Uttar Pradesh,1625,5526,590.5,207528.75,357.5,3.40062
Wheat,2006,Rabi       ,Uttar Pradesh,9197642,25443428,590.5,1174630860,2023481.24,2.76630
Arhar/Tur,2007,Kharif     ,Uttar Pradesh,368230,327918,672.9,49121882,58916.8,0.89052
Bajra,2007,Kharif     ,Uttar Pradesh,876979,1336355,672.9,116988998.6,140316.64,1.52382
Barley,2007,Rabi       ,Uttar Pradesh,155298,327908,672.9,20716753.2,24847.68,2.11148
Coriander,2007,Rabi       ,Uttar Pradesh,5594,3241,672.9,746239.6,895.04,0.57937
Cotton(lint),2007,Kharif     ,Uttar Pradesh,4260,1162,672.9,568284,681.6,0.27277
Dry chillies,2007,Kharif     ,Uttar Pradesh,15658,15093,672.9,2088777.2,2505.28,0.96392
Ginger,2007,Kharif     ,Uttar Pradesh,900,2035,672.9,120060,144,2.26111
Gram,2007,Rabi       ,Uttar Pradesh,504777,376040,672.9,67337251.8,80764.32,0.74496
Groundnut,2007,Kharif     ,Uttar Pradesh,98981,59174,672.9,13204065.4,15836.96,0.59783
Guar seed,2007,Kharif     ,Uttar Pradesh,2370,1988,672.9,316158,379.2,0.83882
Jowar,2007,Kharif     ,Uttar Pradesh,211640,172805,672.9,28232776,33862.4,0.81650
Linseed,2007,Rabi       ,Uttar Pradesh,30267,7620,672.9,4037617.8,4842.72,0.25176
Maize,2007,Kharif     ,Uttar Pradesh,812088,1167245,672.9,108332539.2,129934.08,1.43734
Maize,2007,Rabi       ,Uttar Pradesh,3627,10185,672.9,483841.8,580.32,2.80811
Maize,2007,Summer     ,Uttar Pradesh,21930,31514,672.9,2925462,3508.8,1.43703
Masoor,2007,Rabi       ,Uttar Pradesh,507235,367669,672.9,67665149,81157.6,0.72485
Moong(Green Gram),2007,Kharif     ,Uttar Pradesh,31082,6183,672.9,4146338.8,4973.12,0.19893
Moong(Green Gram),2007,Summer     ,Uttar Pradesh,31600,20085,672.9,4215440,5056,0.63560
Onion,2007,Rabi       ,Uttar Pradesh,9846,137576,672.9,1313456.4,1575.36,13.97278
Onion,2007,Summer     ,Uttar Pradesh,11716,158183,672.9,1562914.4,1874.56,13.50145
Other  Rabi pulses,2007,Rabi       ,Uttar Pradesh,319752,299995,672.9,42654916.8,51160.32,0.93821
Potato,2007,Rabi       ,Uttar Pradesh,504858,11094868,672.9,67348057.2,80777.28,21.97622
Rapeseed &Mustard,2007,Rabi       ,Uttar Pradesh,627431,726256,672.9,83699295.4,100388.96,1.15751
Rice,2007,Kharif     ,Uttar Pradesh,5690539,11731754,672.9,759117902.6,910486.24,2.06162
Rice,2007,Summer     ,Uttar Pradesh,18849,48358,672.9,2514456.6,3015.84,2.56555
Sannhamp,2007,Kharif     ,Uttar Pradesh,2533,491,672.9,337902.2,405.28,0.19384
Sesamum,2007,Kharif     ,Uttar Pradesh,152905,23491,672.9,20397527,24464.8,0.15363
Small millets,2007,Kharif     ,Uttar Pradesh,13053,7868,672.9,1741270.2,2088.48,0.60277
Soyabean,2007,Kharif     ,Uttar Pradesh,4834,3239,672.9,644855.6,773.44,0.67005
Sugarcane,2007,Kharif     ,Uttar Pradesh,2178987,124665288,672.9,290676865.8,348637.92,57.21250
Sunflower,2007,Summer     ,Uttar Pradesh,13034,21134,672.9,1738735.6,2085.44,1.62145
Sweet potato,2007,Kharif     ,Uttar Pradesh,18424,248042,672.9,2457761.6,2947.84,13.46298
Tobacco,2007,Rabi       ,Uttar Pradesh,24951,139600,672.9,3328463.4,3992.16,5.59497
Tobacco,2007,Summer     ,Uttar Pradesh,496,1233,672.9,66166.4,79.36,2.48589
Turmeric,2007,Rabi       ,Uttar Pradesh,1368,4199,672.9,182491.2,218.88,3.06944
Urad,2007,Kharif     ,Uttar Pradesh,342102,150004,672.9,45636406.8,54736.32,0.43848
Urad,2007,Summer     ,Uttar Pradesh,51281,28758,672.9,6840885.4,8204.96,0.56079
Wheat,2007,Rabi       ,Uttar Pradesh,9114880,25679089,672.9,1215924992,1458380.8,2.81727
Arhar/Tur,2008,Kharif     ,Uttar Pradesh,314785,287720,891.6,45026846.4,28330.65,0.91402
Bajra,2008,Kharif     ,Uttar Pradesh,809300,1302073,891.6,115762272,72837,1.60889
Banana,2008,Summer     ,Uttar Pradesh,1991,75867,891.6,284792.64,179.19,38.10497
Barley,2008,Rabi       ,Uttar Pradesh,171861,376048,891.6,24582997.44,15467.49,2.18809
Coriander,2008,Rabi       ,Uttar Pradesh,5662,3380,891.6,809892.48,509.58,0.59696
Cotton(lint),2008,Kharif     ,Uttar Pradesh,3556,781,891.6,508650.24,320.04,0.21963
Dry chillies,2008,Kharif     ,Uttar Pradesh,14918,14873,891.6,2133870.72,1342.62,0.99698
Garlic,2008,Rabi       ,Uttar Pradesh,33421,196850,891.6,4780539.84,3007.89,5.89001
Gram,2008,Rabi       ,Uttar Pradesh,554434,561508,891.6,79306239.36,49899.06,1.01276
Groundnut,2008,Kharif     ,Uttar Pradesh,94534,67482,891.6,13522143.36,8508.06,0.71384
Guar seed,2008,Kharif     ,Uttar Pradesh,2460,2066,891.6,351878.4,221.4,0.83984
Jowar,2008,Kharif     ,Uttar Pradesh,192564,195473,891.6,27544354.56,17330.76,1.01511
Linseed,2008,Rabi       ,Uttar Pradesh,30961,13932,891.6,4428661.44,2786.49,0.44999
Maize,2008,Kharif     ,Uttar Pradesh,769793,1151245,891.6,110111190.7,69281.37,1.49553
Maize,2008,Rabi       ,Uttar Pradesh,3617,9495,891.6,517375.68,325.53,2.62510
Maize,2008,Summer     ,Uttar Pradesh,25472,38106,891.6,3643514.88,2292.48,1.49600
Masoor,2008,Rabi       ,Uttar Pradesh,520736,459705,891.6,74486077.44,46866.24,0.88280
Moong(Green Gram),2008,Kharif     ,Uttar Pradesh,30518,11286,891.6,4365294.72,2746.62,0.36981
Moong(Green Gram),2008,Summer     ,Uttar Pradesh,33674,25174,891.6,4816728.96,3030.66,0.74758
Onion,2008,Rabi       ,Uttar Pradesh,10161,119110,891.6,1453429.44,914.49,11.72227
Peas & beans (Pulses),2008,Rabi       ,Uttar Pradesh,351030,423753,891.6,50211331.2,31592.7,1.20717
Potato,2008,Rabi       ,Uttar Pradesh,527347,10809926,891.6,75431714.88,47461.23,20.49870
Rapeseed &Mustard,2008,Rabi       ,Uttar Pradesh,656347,736849,891.6,93883874.88,59071.23,1.12265
Rice,2008,Kharif     ,Uttar Pradesh,6011761,13051365,891.6,859922293.4,541058.49,2.17097
Rice,2008,Summer     ,Uttar Pradesh,21621,45666,891.6,3092667.84,1945.89,2.11211
Sannhamp,2008,Kharif     ,Uttar Pradesh,2889,925,891.6,413242.56,260.01,0.32018
Sesamum,2008,Kharif     ,Uttar Pradesh,192438,31736,891.6,27526331.52,17319.42,0.16492
Small millets,2008,Kharif     ,Uttar Pradesh,13581,8384,891.6,1942626.24,1222.29,0.61733
Soyabean,2008,Kharif     ,Uttar Pradesh,10599,9104,891.6,1516080.96,953.91,0.85895
Sugarcane,2008,Kharif     ,Uttar Pradesh,2084179,109047670,891.6,298120964.2,187576.11,52.32164
Sunflower,2008,Summer     ,Uttar Pradesh,9106,16995,891.6,1302522.24,819.54,1.86635
Sweet potato,2008,Kharif     ,Uttar Pradesh,18376,225694,891.6,2628503.04,1653.84,12.28200
Tobacco,2008,Rabi       ,Uttar Pradesh,22573,134309,891.6,3228841.92,2031.57,5.94998
Tobacco,2008,Summer     ,Uttar Pradesh,546,1240,891.6,78099.84,49.14,2.27106
Urad,2008,Kharif     ,Uttar Pradesh,362921,195349,891.6,51912219.84,32662.89,0.53827
Urad,2008,Summer     ,Uttar Pradesh,53715,33405,891.6,7683393.6,4834.35,0.62189
Wheat,2008,Rabi       ,Uttar Pradesh,9513039,28554178,891.6,1360745099,856173.51,3.00158
Arhar/Tur,2009,Kharif     ,Uttar Pradesh,304747,201685,585.8,47485677.54,51806.99,0.66181
Bajra,2009,Kharif     ,Uttar Pradesh,848617,1388711,585.8,132231500.9,144264.89,1.63644
Banana,2009,Summer     ,Uttar Pradesh,2336,96059,585.8,363995.52,397.12,41.12115
Barley,2009,Rabi       ,Uttar Pradesh,171382,362278,585.8,26704743.24,29134.94,2.11386
Coriander,2009,Rabi       ,Uttar Pradesh,6461,3670,585.8,1006753.02,1098.37,0.56802
Cotton(lint),2009,Kharif     ,Uttar Pradesh,4971,838,585.8,774581.22,845.07,0.16858
Dry chillies,2009,Kharif     ,Uttar Pradesh,14922,13146,585.8,2325146.04,2536.74,0.88098
Garlic,2009,Rabi       ,Uttar Pradesh,34465,183113,585.8,5370336.3,5859.05,5.31301
Ginger,2009,Kharif     ,Uttar Pradesh,786,2360,585.8,122474.52,133.62,3.00254
Gram,2009,Rabi       ,Uttar Pradesh,618202,508556,585.8,96328235.64,105094.34,0.82264
Groundnut,2009,Kharif     ,Uttar Pradesh,90652,61093,585.8,14125394.64,15410.84,0.67393
Guar seed,2009,Kharif     ,Uttar Pradesh,2539,2120,585.8,395626.98,431.63,0.83497
Jowar,2009,Kharif     ,Uttar Pradesh,190976,169571,585.8,29757880.32,32465.92,0.88792
Linseed,2009,Rabi       ,Uttar Pradesh,34339,15133,585.8,5350702.98,5837.63,0.44069
Maize,2009,Kharif     ,Uttar Pradesh,674808,982139,585.8,105148582.6,114717.36,1.45543
Maize,2009,Rabi       ,Uttar Pradesh,4636,14162,585.8,722381.52,788.12,3.05479
Maize,2009,Summer     ,Uttar Pradesh,29237,42540,585.8,4555709.34,4970.29,1.45501
Masoor,2009,Rabi       ,Uttar Pradesh,592405,475940,585.8,92308547.1,100708.85,0.80340
Moong(Green Gram),2009,Kharif     ,Uttar Pradesh,35348,5227,585.8,5507925.36,6009.16,0.14787
Moong(Green Gram),2009,Summer     ,Uttar Pradesh,37104,26685,585.8,5781545.28,6307.68,0.71919
Onion,2009,Rabi       ,Uttar Pradesh,10494,180225,585.8,1635175.08,1783.98,17.17410
Onion,2009,Summer     ,Uttar Pradesh,12686,176246,585.8,1976732.52,2156.62,13.89295
Peas & beans (Pulses),2009,Rabi       ,Uttar Pradesh,312009,400401,585.8,48617242.38,53041.53,1.28330
Potato,2009,Rabi       ,Uttar Pradesh,540797,13447272,585.8,84266988.54,91935.49,24.86566
Rapeseed &Mustard,2009,Rabi       ,Uttar Pradesh,613276,682489,585.8,95560666.32,104256.92,1.11286
Rice,2009,Kharif     ,Uttar Pradesh,5148046,10714990,585.8,802168527.7,875167.82,2.08137
Rice,2009,Summer     ,Uttar Pradesh,24695,61514,585.8,3847974.9,4198.15,2.49095
Sannhamp,2009,Kharif     ,Uttar Pradesh,1813,334,585.8,282501.66,308.21,0.18423
Sesamum,2009,Kharif     ,Uttar Pradesh,331799,34504,585.8,51700920.18,56405.83,0.10399
Small millets,2009,Kharif     ,Uttar Pradesh,6951,3540,585.8,1083104.82,1181.67,0.50928
Soyabean,2009,Kharif     ,Uttar Pradesh,7169,7563,585.8,1117073.58,1218.73,1.05496
Sugarcane,2009,Kharif     ,Uttar Pradesh,1977324,117139919,585.8,308106625.7,336145.08,59.24164
Sunflower,2009,Summer     ,Uttar Pradesh,7093,15597,585.8,1105231.26,1205.81,2.19893
Sweet potato,2009,Kharif     ,Uttar Pradesh,16758,227909,585.8,2611231.56,2848.86,13.60001
Tobacco,2009,Rabi       ,Uttar Pradesh,22861,130652,585.8,3562201.02,3886.37,5.71506
Tobacco,2009,Summer     ,Uttar Pradesh,534,2283,585.8,83207.88,90.78,4.27528
Turmeric,2009,Rabi       ,Uttar Pradesh,1315,4346,585.8,204903.3,223.55,3.30494
Urad,2009,Kharif     ,Uttar Pradesh,501548,191479,585.8,78151209.36,85263.16,0.38178
Urad,2009,Summer     ,Uttar Pradesh,51359,31837,585.8,8002759.38,8731.03,0.61989
Wheat,2009,Rabi       ,Uttar Pradesh,9668152,27518022,585.8,1506491445,1643585.84,2.84625
Arhar/Tur,2010,Kharif     ,Uttar Pradesh,344186,308419,742.6,57172736.46,82604.64,0.89608
Bajra,2010,Kharif     ,Uttar Pradesh,935272,1556891,742.6,155358031.9,224465.28,1.66464
Barley,2010,Rabi       ,Uttar Pradesh,162406,402239,742.6,26977260.66,38977.44,2.47675
Cotton(lint),2010,Kharif     ,Uttar Pradesh,3734,673,742.6,620254.74,896.16,0.18024
Dry chillies,2010,Kharif     ,Uttar Pradesh,13673,11964,742.6,2271222.03,3281.52,0.87501
Ginger,2010,Kharif     ,Uttar Pradesh,893,2538,742.6,148336.23,214.32,2.84211
Gram,2010,Rabi       ,Uttar Pradesh,570289,530326,742.6,94730705.79,136869.36,0.92993
Groundnut,2010,Kharif     ,Uttar Pradesh,85258,84246,742.6,14162206.38,20461.92,0.98813
Guar seed,2010,Kharif     ,Uttar Pradesh,2441,2033,742.6,405474.51,585.84,0.83286
Jowar,2010,Kharif     ,Uttar Pradesh,201205,207513,742.6,33422162.55,48289.2,1.03135
Linseed,2010,Rabi       ,Uttar Pradesh,30443,13944,742.6,5056886.73,7306.32,0.45804
Maize,2010,Kharif     ,Uttar Pradesh,718026,1052727,742.6,119271298.9,172326.24,1.46614
Maize,2010,Rabi       ,Uttar Pradesh,5492,16498,742.6,912276.12,1318.08,3.00401
Maize,2010,Summer     ,Uttar Pradesh,30204,44279,742.6,5017186.44,7248.96,1.46600
Masoor,2010,Rabi       ,Uttar Pradesh,586132,410968,742.6,97362386.52,140671.68,0.70115
Moong(Green Gram),2010,Kharif     ,Uttar Pradesh,41377,19457,742.6,6873133.47,9930.48,0.47024
Moong(Green Gram),2010,Summer     ,Uttar Pradesh,47491,42436,742.6,7888730.01,11397.84,0.89356
Onion,2010,Rabi       ,Uttar Pradesh,9830,180951,742.6,1632861.3,2359.2,18.40804
Peas & beans (Pulses),2010,Rabi       ,Uttar Pradesh,303341,353322,742.6,50387973.51,72801.84,1.16477
Potato,2010,Rabi       ,Uttar Pradesh,556533,13576573,742.6,92445696.63,133567.92,24.39491
Rapeseed &Mustard,2010,Rabi       ,Uttar Pradesh,603593,716960,742.6,100262833.2,144862.32,1.18782
Rice,2010,Kharif     ,Uttar Pradesh,5631949,11938078,742.6,935523048.4,1351667.76,2.11971
Rice,2010,Summer     ,Uttar Pradesh,25121,54221,742.6,4172849.31,6029.04,2.15839
Sannhamp,2010,Kharif     ,Uttar Pradesh,2065,675,742.6,343017.15,495.6,0.32688
Sesamum,2010,Kharif     ,Uttar Pradesh,335623,66157,742.6,55750336.53,80549.52,0.19712
Small millets,2010,Kharif     ,Uttar Pradesh,8762,6290,742.6,1455455.82,2102.88,0.71787
Soyabean,2010,Kharif     ,Uttar Pradesh,10939,13475,742.6,1817077.29,2625.36,1.23183
Sugarcane,2010,Kharif     ,Uttar Pradesh,2124850,120544784,742.6,352958833.5,509964,56.73096
Sunflower,2010,Summer     ,Uttar Pradesh,4083,8677,742.6,678227.13,979.92,2.12515
Sweet potato,2010,Kharif     ,Uttar Pradesh,16779,206633,742.6,2787159.69,4026.96,12.31498
Tobacco,2010,Rabi       ,Uttar Pradesh,25906,131506,742.6,4303245.66,6217.44,5.07628
Turmeric,2010,Rabi       ,Uttar Pradesh,1294,4066,742.6,214946.34,310.56,3.14219
Urad,2010,Kharif     ,Uttar Pradesh,494406,333778,742.6,82125780.66,118657.44,0.67511
Urad,2010,Summer     ,Uttar Pradesh,61321,38202,742.6,10186031.31,14717.04,0.62298
Wheat,2010,Rabi       ,Uttar Pradesh,9636540,30000632,742.6,1600725659,2312769.6,3.11322
Arhar/Tur,2011,Kharif     ,Uttar Pradesh,319506,333810,777.4,53523645.12,105436.98,1.04477
Bajra,2011,Kharif     ,Uttar Pradesh,887967,1632879,777.4,148752231.8,293029.11,1.83890
Banana,2011,Summer     ,Uttar Pradesh,2175,95023,777.4,364356,717.75,43.68874
Barley,2011,Rabi       ,Uttar Pradesh,157716,403700,777.4,26420584.32,52046.28,2.55966
Coriander,2011,Rabi       ,Uttar Pradesh,6511,3603,777.4,1090722.72,2148.63,0.55337
Cotton(lint),2011,Kharif     ,Uttar Pradesh,3842,911,777.4,643611.84,1267.86,0.23712
Dry chillies,2011,Kharif     ,Uttar Pradesh,13284,11026,777.4,2225335.68,4383.72,0.83002
Garlic,2011,Rabi       ,Uttar Pradesh,34427,177919,777.4,5767211.04,11360.91,5.16801
Ginger,2011,Kharif     ,Uttar Pradesh,847,2405,777.4,141889.44,279.51,2.83943
Gram,2011,Rabi       ,Uttar Pradesh,576684,683466,777.4,96606103.68,190305.72,1.18517
Groundnut,2011,Kharif     ,Uttar Pradesh,92243,92347,777.4,15452547.36,30440.19,1.00113
Guar seed,2011,Kharif     ,Uttar Pradesh,2352,1924,777.4,394007.04,776.16,0.81803
Jowar,2011,Kharif     ,Uttar Pradesh,192340,212514,777.4,32220796.8,63472.2,1.10489
Linseed,2011,Rabi       ,Uttar Pradesh,31003,14073,777.4,5193622.56,10230.99,0.45392
Maize,2011,Kharif     ,Uttar Pradesh,745217,1232077,777.4,124838751.8,245921.61,1.65331
Maize,2011,Rabi       ,Uttar Pradesh,8864,21143,777.4,1484897.28,2925.12,2.38527
Maize,2011,Summer     ,Uttar Pradesh,33320,55078,777.4,5581766.4,10995.6,1.65300
Masoor,2011,Rabi       ,Uttar Pradesh,573244,505176,777.4,96029834.88,189170.52,0.88126
Moong(Green Gram),2011,Kharif     ,Uttar Pradesh,38194,16182,777.4,6398258.88,12604.02,0.42368
Moong(Green Gram),2011,Summer     ,Uttar Pradesh,35262,29663,777.4,5907090.24,11636.46,0.84122
Onion,2011,Rabi       ,Uttar Pradesh,11464,262239,777.4,1920449.28,3783.12,22.87500
Onion,2011,Summer     ,Uttar Pradesh,13138,142324,777.4,2200877.76,4335.54,10.83300
Peas & beans (Pulses),2011,Rabi       ,Uttar Pradesh,323497,463374,777.4,54192217.44,106754.01,1.43239
Potato,2011,Rabi       ,Uttar Pradesh,557779,12316103,777.4,93439138.08,184067.07,22.08061
Rapeseed &Mustard,2011,Rabi       ,Uttar Pradesh,639211,725893,777.4,107080626.7,210939.63,1.13561
Rice,2011,Kharif     ,Uttar Pradesh,5922643,13962896,777.4,992161155.4,1954472.19,2.35754
Rice,2011,Summer     ,Uttar Pradesh,23642,59496,777.4,3960507.84,7801.86,2.51654
Sannhamp,2011,Kharif     ,Uttar Pradesh,2164,593,777.4,362513.28,714.12,0.27403
Sesamum,2011,Kharif     ,Uttar Pradesh,344914,74778,777.4,57779993.28,113821.62,0.21680
Small millets,2011,Kharif     ,Uttar Pradesh,8748,8097,777.4,1465464.96,2886.84,0.92558
Soyabean,2011,Kharif     ,Uttar Pradesh,17670,22123,777.4,2960078.4,5831.1,1.25201
Sugarcane,2011,Kharif     ,Uttar Pradesh,2162404,128818743,777.4,362245918.1,713593.32,59.57201
Sunflower,2011,Summer     ,Uttar Pradesh,3562,6080,777.4,596706.24,1175.46,1.70691
Sweet potato,2011,Kharif     ,Uttar Pradesh,17395,226031,777.4,2914010.4,5740.35,12.99402
Tobacco,2011,Rabi       ,Uttar Pradesh,23640,123452,777.4,3960172.8,7801.2,5.22217
Tobacco,2011,Summer     ,Uttar Pradesh,405,1251,777.4,67845.6,133.65,3.08889
Turmeric,2011,Rabi       ,Uttar Pradesh,1828,5149,777.4,306226.56,603.24,2.81674
Urad,2011,Kharif     ,Uttar Pradesh,507317,339225,777.4,84985743.84,167414.61,0.66866
Urad,2011,Summer     ,Uttar Pradesh,48109,31944,777.4,8059219.68,15875.97,0.66399
Wheat,2011,Rabi       ,Uttar Pradesh,9731150,31892480,777.4,1630162248,3211279.5,3.27736
Arhar/Tur,2012,Kharif     ,Uttar Pradesh,311455,324649,746.3,46967414,96551.05,1.04236
Bajra,2012,Kharif     ,Uttar Pradesh,900540,1757776,746.3,135801432,279167.4,1.95191
Banana,2012,Summer     ,Uttar Pradesh,2359,105337,746.3,355737.2,731.29,44.65324
Barley,2012,Rabi       ,Uttar Pradesh,168378,445657,746.3,25391402.4,52197.18,2.64677
Coriander,2012,Rabi       ,Uttar Pradesh,6675,3613,746.3,1006590,2069.25,0.54127
Cotton(lint),2012,Kharif     ,Uttar Pradesh,5074,1184,746.3,765159.2,1572.94,0.23335
Dry chillies,2012,Kharif     ,Uttar Pradesh,13883,11154,746.3,2093556.4,4303.73,0.80343
Garlic,2012,Rabi       ,Uttar Pradesh,36077,187386,746.3,5440411.6,11183.87,5.19406
Ginger,2012,Kharif     ,Uttar Pradesh,822,4023,746.3,123957.6,254.82,4.89416
Gram,2012,Rabi       ,Uttar Pradesh,604015,676557,746.3,91085462,187244.65,1.12010
Groundnut,2012,Kharif     ,Uttar Pradesh,94399,93706,746.3,14235369.2,29263.69,0.99266
Guar seed,2012,Kharif     ,Uttar Pradesh,2438,1985,746.3,367650.4,755.78,0.81419
Jowar,2012,Kharif     ,Uttar Pradesh,184153,248208,746.3,27770272.4,57087.43,1.34784
Linseed,2012,Rabi       ,Uttar Pradesh,29608,13324,746.3,4464886.4,9178.48,0.45001
Maize,2012,Kharif     ,Uttar Pradesh,698089,1289406,746.3,105271821.2,216407.59,1.84705
Maize,2012,Rabi       ,Uttar Pradesh,7261,22734,746.3,1094958.8,2250.91,3.13097
Maize,2012,Summer     ,Uttar Pradesh,30649,56607,746.3,4621869.2,9501.19,1.84694
Masoor,2012,Rabi       ,Uttar Pradesh,495051,440572,746.3,74653690.8,153465.81,0.88995
Moong(Green Gram),2012,Kharif     ,Uttar Pradesh,39751,20148,746.3,5994450.8,12322.81,0.50686
Moong(Green Gram),2012,Summer     ,Uttar Pradesh,37511,30562,746.3,5656658.8,11628.41,0.81475
Onion,2012,Rabi       ,Uttar Pradesh,10934,251513,746.3,1648847.2,3389.54,23.00284
Onion,2012,Summer     ,Uttar Pradesh,12387,134766,746.3,1867959.6,3839.97,10.87963
Peas & beans (Pulses),2012,Rabi       ,Uttar Pradesh,307272,459077,746.3,46336617.6,95254.32,1.49404
Potato,2012,Rabi       ,Uttar Pradesh,547660,13336619,746.3,82587128,169774.6,24.35200
Rapeseed &Mustard,2012,Rabi       ,Uttar Pradesh,662326,835700,746.3,99878760.8,205321.06,1.26177
Rice,2012,Kharif     ,Uttar Pradesh,5837298,14353736,746.3,880264538.4,1809562.38,2.45897
Rice,2012,Summer     ,Uttar Pradesh,23984,62203,746.3,3616787.2,7435.04,2.59352
Sannhamp,2012,Kharif     ,Uttar Pradesh,2528,933,746.3,381222.4,783.68,0.36907
Sesamum,2012,Kharif     ,Uttar Pradesh,344424,64262,746.3,51939139.2,106771.44,0.18658
Small millets,2012,Kharif     ,Uttar Pradesh,8725,8529,746.3,1315730,2704.75,0.97754
Small millets,2012,Summer     ,Uttar Pradesh,53,74,746.3,7992.4,16.43,1.39623
Soyabean,2012,Kharif     ,Uttar Pradesh,13679,19342,746.3,2062793.2,4240.49,1.41399
Sugarcane,2012,Kharif     ,Uttar Pradesh,2211712,137904315,746.3,333526169.6,685630.72,62.35184
Sunflower,2012,Summer     ,Uttar Pradesh,2721,2125,746.3,410326.8,843.51,0.78096
Sweet potato,2012,Kharif     ,Uttar Pradesh,16800,217506,746.3,2533440,5208,12.94679
Tobacco,2012,Rabi       ,Uttar Pradesh,23350,126223,746.3,3521180,7238.5,5.40570
Tobacco,2012,Summer     ,Uttar Pradesh,438,1406,746.3,66050.4,135.78,3.21005
Turmeric,2012,Rabi       ,Uttar Pradesh,1755,4968,746.3,264654,544.05,2.83077
Urad,2012,Kharif     ,Uttar Pradesh,524224,347341,746.3,79052979.2,162509.44,0.66258
Urad,2012,Summer     ,Uttar Pradesh,48188,33328,746.3,7266750.4,14938.28,0.69162
Wheat,2012,Rabi       ,Uttar Pradesh,9733617,31332434,746.3,1467829444,3017421.27,3.21899
Arhar/Tur,2013,Kharif     ,Uttar Pradesh,300644,271380,995.2,43440051.56,81173.88,0.90266
Bajra,2013,Kharif     ,Uttar Pradesh,918984,1868189,995.2,132783998.2,248125.68,2.03289
Banana,2013,Summer     ,Uttar Pradesh,2636,114776,995.2,380875.64,711.72,43.54173
Barley,2013,Rabi       ,Uttar Pradesh,156344,450240,995.2,22590144.56,42212.88,2.87980
Coriander,2013,Rabi       ,Uttar Pradesh,6732,3684,995.2,972706.68,1817.64,0.54724
Cotton(lint),2013,Kharif     ,Uttar Pradesh,3901,884,995.2,563655.49,1053.27,0.22661
Dry chillies,2013,Kharif     ,Uttar Pradesh,13766,11114,995.2,1989049.34,3716.82,0.80735
Garlic,2013,Rabi       ,Uttar Pradesh,37238,218178,995.2,5380518.62,10054.26,5.85901
Ginger,2013,Kharif     ,Uttar Pradesh,813,4168,995.2,117470.37,219.51,5.12669
Gram,2013,Rabi       ,Uttar Pradesh,577214,265632,995.2,83401650.86,155847.78,0.46020
Groundnut,2013,Kharif     ,Uttar Pradesh,96464,86157,995.2,13938083.36,26045.28,0.89315
Guar seed,2013,Kharif     ,Uttar Pradesh,2381,1960,995.2,344030.69,642.87,0.82318
Jowar,2013,Kharif     ,Uttar Pradesh,165145,173623,995.2,23861801.05,44589.15,1.05134
Linseed,2013,Rabi       ,Uttar Pradesh,25804,10458,995.2,3728419.96,6967.08,0.40529
Maize,2013,Kharif     ,Uttar Pradesh,695526,1277851,995.2,100496551.7,187792.02,1.83724
Maize,2013,Rabi       ,Uttar Pradesh,13418,47674,995.2,1938766.82,3622.86,3.55299
Maize,2013,Summer     ,Uttar Pradesh,58002,106550,995.2,8380708.98,15660.54,1.83701
Masoor,2013,Rabi       ,Uttar Pradesh,449264,310261,995.2,64914155.36,121301.28,0.69060
Moong(Green Gram),2013,Kharif     ,Uttar Pradesh,38504,12350,995.2,5563442.96,10396.08,0.32075
Moong(Green Gram),2013,Summer     ,Uttar Pradesh,41012,27381,995.2,5925823.88,11073.24,0.66763
Onion,2013,Rabi       ,Uttar Pradesh,12232,248779,995.2,1767401.68,3302.64,20.33837
Onion,2013,Summer     ,Uttar Pradesh,12195,164098,995.2,1762055.55,3292.65,13.45617
Peas & beans (Pulses),2013,Rabi       ,Uttar Pradesh,357133,354267,995.2,51602147.17,96425.91,0.99197
Potato,2013,Rabi       ,Uttar Pradesh,569806,12060013,995.2,82331268.94,153847.62,21.16512
Rapeseed &Mustard,2013,Rabi       ,Uttar Pradesh,662625,671716,995.2,95742686.25,178908.75,1.01372
Rice,2013,Kharif     ,Uttar Pradesh,5955306,14565665,995.2,860482163.9,1607932.62,2.44583
Rice,2013,Summer     ,Uttar Pradesh,27063,70171,995.2,3910332.87,7307.01,2.59288
Sannhamp,2013,Kharif     ,Uttar Pradesh,2020,573,995.2,291869.8,545.4,0.28366
Sesamum,2013,Kharif     ,Uttar Pradesh,293360,43190,995.2,42387586.4,79207.2,0.14723
Small millets,2013,Kharif     ,Uttar Pradesh,7526,6031,995.2,1087431.74,2032.02,0.80136
Small millets,2013,Summer     ,Uttar Pradesh,53,74,995.2,7657.97,14.31,1.39623
Soyabean,2013,Kharif     ,Uttar Pradesh,25502,14688,995.2,3684783.98,6885.54,0.57595
Sugarcane,2013,Kharif     ,Uttar Pradesh,2228080,142045762,995.2,321935279.2,601581.6,63.75254
Sunflower,2013,Summer     ,Uttar Pradesh,3149,5042,995.2,454999.01,850.23,1.60114
Sweet potato,2013,Kharif     ,Uttar Pradesh,16170,213687,995.2,2336403.3,4365.9,13.21503
Tobacco,2013,Rabi       ,Uttar Pradesh,25435,139946,995.2,3675103.15,6867.45,5.50210
Tobacco,2013,Summer     ,Uttar Pradesh,1088,3344,995.2,157205.12,293.76,3.07353
Turmeric,2013,Rabi       ,Uttar Pradesh,1795,5195,995.2,259359.55,484.65,2.89415
Urad,2013,Kharif     ,Uttar Pradesh,496901,221673,995.2,71797225.49,134163.27,0.44611
Urad,2013,Summer     ,Uttar Pradesh,45092,26112,995.2,6515343.08,12174.84,0.57908
Wheat,2013,Rabi       ,Uttar Pradesh,9839197,31492656,995.2,1421665575,2656583.19,3.20073
Arhar/Tur,2014,Kharif     ,Uttar Pradesh,286511,173971,616.4,43251700.56,94548.63,0.60721
Bajra,2014,Kharif     ,Uttar Pradesh,951724,1808081,616.4,143672255,314068.92,1.89980
Banana,2014,Summer     ,Uttar Pradesh,2441,110118,616.4,368493.36,805.53,45.11184
Barley,2014,Rabi       ,Uttar Pradesh,170247,287779,616.4,25700487.12,56181.51,1.69036
Coriander,2014,Rabi       ,Uttar Pradesh,6867,3332,616.4,1036642.32,2266.11,0.48522
Cotton(lint),2014,Kharif     ,Uttar Pradesh,6317,1886,616.4,953614.32,2084.61,0.29856
Dry chillies,2014,Kharif     ,Uttar Pradesh,13283,10951,616.4,2005201.68,4383.39,0.82444
Garlic,2014,Rabi       ,Uttar Pradesh,33861,196134,616.4,5111656.56,11174.13,5.79233
Ginger,2014,Kharif     ,Uttar Pradesh,944,4354,616.4,142506.24,311.52,4.61229
Gram,2014,Rabi       ,Uttar Pradesh,558142,177054,616.4,84257116.32,184186.86,0.31722
Groundnut,2014,Kharif     ,Uttar Pradesh,97939,84595,616.4,14784871.44,32319.87,0.86375
Guar seed,2014,Kharif     ,Uttar Pradesh,2050,1677,616.4,309468,676.5,0.81805
Jowar,2014,Kharif     ,Uttar Pradesh,164407,162865,616.4,24818880.72,54254.31,0.99062
Linseed,2014,Rabi       ,Uttar Pradesh,24641,14267,616.4,3719805.36,8131.53,0.57899
Maize,2014,Kharif     ,Uttar Pradesh,642726,1142861,616.4,97025916.96,212099.58,1.77815
Maize,2014,Rabi       ,Uttar Pradesh,10653,25493,616.4,1608176.88,3515.49,2.39303
Maize,2014,Summer     ,Uttar Pradesh,62374,110903,616.4,9415979.04,20583.42,1.77803
Masoor,2014,Rabi       ,Uttar Pradesh,438067,235142,616.4,66130594.32,144562.11,0.53677
Moong(Green Gram),2014,Kharif     ,Uttar Pradesh,37182,11887,616.4,5612994.72,12270.06,0.31970
Moong(Green Gram),2014,Summer     ,Uttar Pradesh,50984,34274,616.4,7696544.64,16824.72,0.67225
Onion,2014,Rabi       ,Uttar Pradesh,10021,153311,616.4,1512770.16,3306.93,15.29897
Onion,2014,Summer     ,Uttar Pradesh,11256,170211,616.4,1699205.76,3714.48,15.12180
Peas & beans (Pulses),2014,Rabi       ,Uttar Pradesh,416056,314196,616.4,62807813.76,137298.48,0.75518
Potato,2014,Rabi       ,Uttar Pradesh,575668,12986412,616.4,86902841.28,189970.44,22.55886
Rapeseed &Mustard,2014,Rabi       ,Uttar Pradesh,626031,486228,616.4,94505639.76,206590.23,0.77668
Rice,2014,Kharif     ,Uttar Pradesh,5842029,13241518,616.4,881912697.8,1927869.57,2.26660
Rice,2014,Summer     ,Uttar Pradesh,29947,75449,616.4,4520799.12,9882.51,2.51942
Sannhamp,2014,Kharif     ,Uttar Pradesh,1847,710,616.4,278823.12,609.51,0.38441
Sesamum,2014,Kharif     ,Uttar Pradesh,322820,63599,616.4,48732907.2,106530.6,0.19701
Small millets,2014,Kharif     ,Uttar Pradesh,6865,5086,616.4,1036340.4,2265.45,0.74086
Small millets,2014,Summer     ,Uttar Pradesh,46,43,616.4,6944.16,15.18,0.93478
Soyabean,2014,Kharif     ,Uttar Pradesh,52551,37679,616.4,7933098.96,17341.83,0.71700
Sugarcane,2014,Kharif     ,Uttar Pradesh,2228261,146576786,616.4,336378280.6,735326.13,65.78080
Sunflower,2014,Summer     ,Uttar Pradesh,2544,4352,616.4,384042.24,839.52,1.71069
Sweet potato,2014,Kharif     ,Uttar Pradesh,16833,208515,616.4,2541109.68,5554.89,12.38727
Tobacco,2014,Rabi       ,Uttar Pradesh,30836,130525,616.4,4655002.56,10175.88,4.23288
Tobacco,2014,Summer     ,Uttar Pradesh,409,1072,616.4,61742.64,134.97,2.62103
Turmeric,2014,Rabi       ,Uttar Pradesh,1559,4423,616.4,235346.64,514.47,2.83708
Urad,2014,Kharif     ,Uttar Pradesh,519466,278369,616.4,78418587.36,171423.78,0.53588
Urad,2014,Summer     ,Uttar Pradesh,43663,23591,616.4,6591366.48,14408.79,0.54030
Wheat,2014,Rabi       ,Uttar Pradesh,9846466,20054791,616.4,1486422507,3249333.78,2.03675
Arhar/Tur,2015,Kharif     ,Uttar Pradesh,264746,182359,596.7,41806040.86,87366.18,0.68881
Bajra,2015,Kharif     ,Uttar Pradesh,974881,1775698,596.7,153943458.7,321710.73,1.82145
Banana,2015,Summer     ,Uttar Pradesh,4582,203406,596.7,723543.62,1512.06,44.39241
Barley,2015,Rabi       ,Uttar Pradesh,124744,270200,596.7,19698325.04,41165.52,2.16604
Coriander,2015,Rabi       ,Uttar Pradesh,7474,2575,596.7,1180219.34,2466.42,0.34453
Cotton(lint),2015,Kharif     ,Uttar Pradesh,7688,2658,596.7,1214012.08,2537.04,0.34573
Dry chillies,2015,Kharif     ,Uttar Pradesh,13547,10260,596.7,2139206.77,4470.51,0.75736
Garlic,2015,Rabi       ,Uttar Pradesh,33599,193621,596.7,5305618.09,11087.67,5.76270
Ginger,2015,Kharif     ,Uttar Pradesh,955,425,596.7,150804.05,315.15,0.44503
Gram,2015,Rabi       ,Uttar Pradesh,267629,163409,596.7,42261295.39,88317.57,0.61058
Groundnut,2015,Kharif     ,Uttar Pradesh,96912,65405,596.7,15303373.92,31980.96,0.67489
Guar seed,2015,Kharif     ,Uttar Pradesh,1755,1444,596.7,277132.05,579.15,0.82279
Jowar,2015,Kharif     ,Uttar Pradesh,154827,104769,596.7,24448731.57,51092.91,0.67668
Linseed,2015,Rabi       ,Uttar Pradesh,16715,3194,596.7,2639465.65,5515.95,0.19109
Maize,2015,Kharif     ,Uttar Pradesh,605036,1118656,596.7,95541234.76,199661.88,1.84891
Maize,2015,Rabi       ,Uttar Pradesh,10620,23341,596.7,1677004.2,3504.6,2.19783
Maize,2015,Summer     ,Uttar Pradesh,87544,161869,596.7,13824073.04,28889.52,1.84900
Masoor,2015,Rabi       ,Uttar Pradesh,334700,237749,596.7,52852477,110451,0.71033
Moong(Green Gram),2015,Kharif     ,Uttar Pradesh,45628,9894,596.7,7205117.48,15057.24,0.21684
Moong(Green Gram),2015,Summer     ,Uttar Pradesh,64569,40979,596.7,10196090.79,21307.77,0.63465
Onion,2015,Rabi       ,Uttar Pradesh,10390,122238,596.7,1640684.9,3428.7,11.76497
Onion,2015,Summer     ,Uttar Pradesh,13796,187324,596.7,2178526.36,4552.68,13.57814
Peas & beans (Pulses),2015,Rabi       ,Uttar Pradesh,286340,284838,596.7,45215949.4,94492.2,0.99475
Potato,2015,Rabi       ,Uttar Pradesh,612600,14112748,596.7,96735666,202158,23.03746
Rapeseed &Mustard,2015,Rabi       ,Uttar Pradesh,593351,602616,596.7,93696056.41,195805.83,1.01561
Rice,2015,Kharif     ,Uttar Pradesh,5837445,12434053,596.7,921790939.9,1926356.85,2.13005
Rice,2015,Summer     ,Uttar Pradesh,24595,67107,596.7,3883796.45,8116.35,2.72848
Sannhamp,2015,Kharif     ,Uttar Pradesh,1992,568,596.7,314556.72,657.36,0.28514
Sesamum,2015,Kharif     ,Uttar Pradesh,545983,165537,596.7,86216175.53,180174.39,0.30319
Small millets,2015,Kharif     ,Uttar Pradesh,8249,5322,596.7,1302599.59,2722.17,0.64517
Small millets,2015,Summer     ,Uttar Pradesh,60,57,596.7,9474.6,19.8,0.95000
Soyabean,2015,Kharif     ,Uttar Pradesh,35542,6221,596.7,5612437.22,11728.86,0.17503
Sugarcane,2015,Kharif     ,Uttar Pradesh,2168888,145384798,596.7,342489104.1,715733.04,67.03195
Sunflower,2015,Summer     ,Uttar Pradesh,2198,3534,596.7,347086.18,725.34,1.60783
Sweet potato,2015,Kharif     ,Uttar Pradesh,14069,169588,596.7,2221635.79,4642.77,12.05402
Tobacco,2015,Rabi       ,Uttar Pradesh,31216,137979,596.7,4929318.56,10301.28,4.42014
Tobacco,2015,Summer     ,Uttar Pradesh,422,660,596.7,66638.02,139.26,1.56398
Turmeric,2015,Rabi       ,Uttar Pradesh,875,971,596.7,138171.25,288.75,1.10971
Urad,2015,Kharif     ,Uttar Pradesh,570013,165862,596.7,90010752.83,188104.29,0.29098
Urad,2015,Summer     ,Uttar Pradesh,47215,27233,596.7,7455720.65,15580.95,0.57679
Wheat,2015,Rabi       ,Uttar Pradesh,9644838,26874361,596.7,1523016369,3182796.54,2.78640
Arhar/Tur,2016,Kharif     ,Uttar Pradesh,337711,362858,965.3,51754210.75,118198.85,1.07446
Bajra,2016,Kharif     ,Uttar Pradesh,907173,1736339,965.3,139024262.3,317510.55,1.91401
Banana,2016,Summer     ,Uttar Pradesh,3376,186413,965.3,517372,1181.6,55.21712
Barley,2016,Rabi       ,Uttar Pradesh,169985,460140,965.3,26050201.25,59494.75,2.70694
Coriander,2016,Rabi       ,Uttar Pradesh,7002,3652,965.3,1073056.5,2450.7,0.52157
Cotton(lint),2016,Kharif     ,Uttar Pradesh,5635,2018,965.3,863563.75,1972.25,0.35812
Dry chillies,2016,Kharif     ,Uttar Pradesh,13194,12170,965.3,2021980.5,4617.9,0.92239
Garlic,2016,Rabi       ,Uttar Pradesh,35151,223546,965.3,5386890.75,12302.85,6.35959
Ginger,2016,Kharif     ,Uttar Pradesh,916,3756,965.3,140377,320.6,4.10044
Gram,2016,Rabi       ,Uttar Pradesh,561686,626294,965.3,86078379.5,196590.1,1.11503
Groundnut,2016,Kharif     ,Uttar Pradesh,94013,85006,965.3,14407492.25,32904.55,0.90419
Guar seed,2016,Kharif     ,Uttar Pradesh,1831,1312,965.3,280600.75,640.85,0.71655
Jowar,2016,Kharif     ,Uttar Pradesh,182923,183020,965.3,28032949.75,64023.05,1.00053
Linseed,2016,Rabi       ,Uttar Pradesh,32381,17415,965.3,4962388.25,11333.35,0.53782
Maize,2016,Kharif     ,Uttar Pradesh,727231,1364579,965.3,111448150.8,254530.85,1.87640
Maize,2016,Rabi       ,Uttar Pradesh,12320,34521,965.3,1888040,4312,2.80203
Maize,2016,Summer     ,Uttar Pradesh,66929,125558,965.3,10256869.25,23425.15,1.87599
Masoor,2016,Rabi       ,Uttar Pradesh,488964,471524,965.3,74933733,171137.4,0.96433
Moong(Green Gram),2016,Kharif     ,Uttar Pradesh,44299,18358,965.3,6788821.75,15504.65,0.41441
Moong(Green Gram),2016,Summer     ,Uttar Pradesh,47594,33556,965.3,7293780.5,16657.9,0.70505
Onion,2016,Rabi       ,Uttar Pradesh,10526,146606,965.3,1613109.5,3684.1,13.92799
Onion,2016,Summer     ,Uttar Pradesh,12815,173372,965.3,1963898.75,4485.25,13.52883
Peas & beans (Pulses),2016,Rabi       ,Uttar Pradesh,384307,529170,965.3,58895047.75,134507.45,1.37695
Potato,2016,Rabi       ,Uttar Pradesh,575641,13956310,965.3,88216983.25,201474.35,24.24482
Rapeseed &Mustard,2016,Rabi       ,Uttar Pradesh,689174,857813,965.3,105615915.5,241210.9,1.24470
Rice,2016,Kharif     ,Uttar Pradesh,5965657,14396168,965.3,914236935.3,2087979.95,2.41317
Rice,2016,Summer     ,Uttar Pradesh,26051,74184,965.3,3992315.75,9117.85,2.84765
Sannhamp,2016,Kharif     ,Uttar Pradesh,2354,551,965.3,360750.5,823.9,0.23407
Sesamum,2016,Kharif     ,Uttar Pradesh,271079,58123,965.3,41542856.75,94877.65,0.21441
Small millets,2016,Kharif     ,Uttar Pradesh,9167,5583,965.3,1404842.75,3208.45,0.60903
Small millets,2016,Summer     ,Uttar Pradesh,81,75,965.3,12413.25,28.35,0.92593
Soyabean,2016,Kharif     ,Uttar Pradesh,10520,7081,965.3,1612190,3682,0.67310
Sugarcane,2016,Kharif     ,Uttar Pradesh,2159841,156948671,965.3,330995633.3,755944.35,72.66677
Sunflower,2016,Summer     ,Uttar Pradesh,3325,3913,965.3,509556.25,1163.75,1.17684
Sweet potato,2016,Kharif     ,Uttar Pradesh,15682,175102,965.3,2403266.5,5488.7,11.16580
Tobacco,2016,Rabi       ,Uttar Pradesh,26250,117229,965.3,4022812.5,9187.5,4.46587
Tobacco,2016,Summer     ,Uttar Pradesh,1102,2167,965.3,168881.5,385.7,1.96642
Turmeric,2016,Rabi       ,Uttar Pradesh,1146,1512,965.3,175624.5,401.1,1.31937
Urad,2016,Kharif     ,Uttar Pradesh,594436,321228,965.3,91097317,208052.6,0.54039
Urad,2016,Summer     ,Uttar Pradesh,49138,32055,965.3,7530398.5,17198.3,0.65235
Wheat,2016,Rabi       ,Uttar Pradesh,9884913,34971381,965.3,1514862917,3459719.55,3.53785
Arhar/Tur,2017,Kharif     ,Uttar Pradesh,282271,331672,652.1,44440746.24,107262.98,1.17501
Bajra,2017,Kharif     ,Uttar Pradesh,925397,1795148,652.1,145694503.7,351650.86,1.93987
Banana,2017,Summer     ,Uttar Pradesh,69378,3172335,652.1,10922872.32,26363.64,45.72537
Barley,2017,Rabi       ,Uttar Pradesh,143911,403155,652.1,22657347.84,54686.18,2.80142
Coriander,2017,Rabi       ,Uttar Pradesh,6790,3541,652.1,1069017.6,2580.2,0.52150
Cotton(lint),2017,Kharif     ,Uttar Pradesh,4150,1534,652.1,653376,1577,0.36964
Dry chillies,2017,Kharif     ,Uttar Pradesh,13636,12578,652.1,2146851.84,5181.68,0.92241
Garlic,2017,Rabi       ,Uttar Pradesh,35219,188609,652.1,5544879.36,13383.22,5.35532
Ginger,2017,Kharif     ,Uttar Pradesh,877,4167,652.1,138074.88,333.26,4.75143
Gram,2017,Rabi       ,Uttar Pradesh,500762,578550,652.1,78839969.28,190289.56,1.15534
Groundnut,2017,Kharif     ,Uttar Pradesh,87922,89075,652.1,13842439.68,33410.36,1.01311
Guar seed,2017,Kharif     ,Uttar Pradesh,2077,1487,652.1,327002.88,789.26,0.71594
Jowar,2017,Kharif     ,Uttar Pradesh,169145,214815,652.1,26630188.8,64275.1,1.27001
Linseed,2017,Rabi       ,Uttar Pradesh,25695,15461,652.1,4045420.8,9764.1,0.60171
Maize,2017,Kharif     ,Uttar Pradesh,664457,1456460,652.1,104612110.1,252493.66,2.19196
Maize,2017,Rabi       ,Uttar Pradesh,13788,41388,652.1,2170782.72,5239.44,3.00174
Maize,2017,Summer     ,Uttar Pradesh,46098,101045,652.1,7257669.12,17517.24,2.19196
Masoor,2017,Rabi       ,Uttar Pradesh,484391,498327,652.1,76262519.04,184068.58,1.02877
Moong(Green Gram),2017,Kharif     ,Uttar Pradesh,45050,17766,652.1,7092672,17119,0.39436
Moong(Green Gram),2017,Summer     ,Uttar Pradesh,42125,28284,652.1,6632160,16007.5,0.67143
Onion,2017,Rabi       ,Uttar Pradesh,13007,189992,652.1,2047822.08,4942.66,14.60690
Onion,2017,Summer     ,Uttar Pradesh,12557,180634,652.1,1976974.08,4771.66,14.38512
Peas & beans (Pulses),2017,Rabi       ,Uttar Pradesh,294414,432518,652.1,46352540.16,111877.32,1.46908
Potato,2017,Rabi       ,Uttar Pradesh,572826,15008697,652.1,90185725.44,217673.88,26.20114
Rapeseed &Mustard,2017,Rabi       ,Uttar Pradesh,678853,944759,652.1,106878616.3,257964.14,1.39170
Rice,2017,Kharif     ,Uttar Pradesh,5897871,15441958,652.1,928560810.2,2241190.98,2.61823
Rice,2017,Summer     ,Uttar Pradesh,25761,76645,652.1,4055811.84,9789.18,2.97523
Sannhamp,2017,Kharif     ,Uttar Pradesh,2116,408,652.1,333143.04,804.08,0.19282
Sesamum,2017,Kharif     ,Uttar Pradesh,278080,82116,652.1,43780915.2,105670.4,0.29530
Small millets,2017,Kharif     ,Uttar Pradesh,9264,6021,652.1,1458524.16,3520.32,0.64994
Small millets,2017,Summer     ,Uttar Pradesh,42,37,652.1,6612.48,15.96,0.88095
Soyabean,2017,Kharif     ,Uttar Pradesh,14268,11093,652.1,2246353.92,5421.84,0.77747
Sugarcane,2017,Kharif     ,Uttar Pradesh,2234282,177056410,652.1,351765358.1,849027.16,79.24533
Sunflower,2017,Summer     ,Uttar Pradesh,2093,3018,652.1,329521.92,795.34,1.44195
Sweet potato,2017,Kharif     ,Uttar Pradesh,16318,182201,652.1,2569105.92,6200.84,11.16565
Tobacco,2017,Rabi       ,Uttar Pradesh,22183,103223,652.1,3492491.52,8429.54,4.65325
Tobacco,2017,Summer     ,Uttar Pradesh,929,2650,652.1,146261.76,353.02,2.85253
Turmeric,2017,Rabi       ,Uttar Pradesh,1201,1537,652.1,189085.44,456.38,1.27977
Urad,2017,Kharif     ,Uttar Pradesh,565472,283320,652.1,89027911.68,214879.36,0.50103
Urad,2017,Summer     ,Uttar Pradesh,49460,31265,652.1,7786982.4,18794.8,0.63213
Wheat,2017,Rabi       ,Uttar Pradesh,9752941,35645666,652.1,1535503031,3706117.58,3.65486
Arhar/Tur,2018,Kharif     ,Uttar Pradesh,250575,271683,792.8,40643265,87701.25,1.08424
Bajra,2018,Kharif     ,Uttar Pradesh,876724,1779291,792.8,142204632.8,306853.4,2.02948
Banana,2018,Summer     ,Uttar Pradesh,70471,3222568,792.8,11430396.2,24664.85,45.72899
Barley,2018,Rabi       ,Uttar Pradesh,150880,454980,792.8,24472736,52808,3.01551
Coriander,2018,Rabi       ,Uttar Pradesh,6635,5259,792.8,1076197,2322.25,0.79261
Cotton(lint),2018,Kharif     ,Uttar Pradesh,5699,1953,792.8,924377.8,1994.65,0.34269
Dry chillies,2018,Kharif     ,Uttar Pradesh,13763,12716,792.8,2232358.6,4817.05,0.92393
Garlic,2018,Rabi       ,Uttar Pradesh,34313,227337,792.8,5565568.6,12009.55,6.62539
Ginger,2018,Kharif     ,Uttar Pradesh,904,4294,792.8,146628.8,316.4,4.75000
Gram,2018,Rabi       ,Uttar Pradesh,572383,727945,792.8,92840522.6,200334.05,1.27178
Groundnut,2018,Kharif     ,Uttar Pradesh,101032,100470,792.8,16387390.4,35361.2,0.99444
Guar seed,2018,Kharif     ,Uttar Pradesh,2024,1451,792.8,328292.8,708.4,0.71690
Jowar,2018,Kharif     ,Uttar Pradesh,147490,183966,792.8,23922878,51621.5,1.24731
Linseed,2018,Rabi       ,Uttar Pradesh,27870,17579,792.8,4520514,9754.5,0.63075
Maize,2018,Kharif     ,Uttar Pradesh,673768,1392479,792.8,109285169.6,235818.8,2.06670
Maize,2018,Rabi       ,Uttar Pradesh,13442,37694,792.8,2180292.4,4704.7,2.80420
Maize,2018,Summer     ,Uttar Pradesh,45815,94700,792.8,7431193,16035.25,2.06701
Masoor,2018,Rabi       ,Uttar Pradesh,475681,488137,792.8,77155458.2,166488.35,1.02619
Moong(Green Gram),2018,Kharif     ,Uttar Pradesh,50515,21427,792.8,8193533,17680.25,0.42417
Moong(Green Gram),2018,Summer     ,Uttar Pradesh,41462,34413,792.8,6725136.4,14511.7,0.82999
Onion,2018,Rabi       ,Uttar Pradesh,14729,227984,792.8,2389043.8,5155.15,15.47858
Onion,2018,Summer     ,Uttar Pradesh,12749,150144,792.8,2067887.8,4462.15,11.77692
Peas & beans (Pulses),2018,Rabi       ,Uttar Pradesh,333220,539012,792.8,54048284,116627,1.61759
Potato,2018,Rabi       ,Uttar Pradesh,571399,17056711,792.8,92680917.8,199989.65,29.85079
Rapeseed &Mustard,2018,Rabi       ,Uttar Pradesh,753181,1117198,792.8,122165958.2,263613.35,1.48331
Rice,2018,Kharif     ,Uttar Pradesh,5894983,15932429,792.8,956166242.6,2063244.05,2.70271
Rice,2018,Summer     ,Uttar Pradesh,29145,87266,792.8,4727319,10200.75,2.99420
Sannhamp,2018,Kharif     ,Uttar Pradesh,1770,340,792.8,287094,619.5,0.19209
Sesamum,2018,Kharif     ,Uttar Pradesh,327257,74028,792.8,53081085.4,114539.95,0.22621
Small millets,2018,Kharif     ,Uttar Pradesh,6078,4589,792.8,985851.6,2127.3,0.75502
Small millets,2018,Summer     ,Uttar Pradesh,63,57,792.8,10218.6,22.05,0.90476
Soyabean,2018,Kharif     ,Uttar Pradesh,22722,20472,792.8,3685508.4,7952.7,0.90098
Sugarcane,2018,Kharif     ,Uttar Pradesh,2223805,179698158,792.8,360701171,778331.75,80.80662
Sunflower,2018,Summer     ,Uttar Pradesh,1245,1699,792.8,201939,435.75,1.36466
Sweet potato,2018,Kharif     ,Uttar Pradesh,15693,180243,792.8,2545404.6,5492.55,11.48557
Tobacco,2018,Rabi       ,Uttar Pradesh,25327,54342,792.8,4108039.4,8864.45,2.14562
Tobacco,2018,Summer     ,Uttar Pradesh,1025,2472,792.8,166255,358.75,2.41171
Turmeric,2018,Rabi       ,Uttar Pradesh,1420,1913,792.8,230324,497,1.34718
Urad,2018,Kharif     ,Uttar Pradesh,521486,289614,792.8,84585029.2,182520.1,0.55536
Urad,2018,Summer     ,Uttar Pradesh,45514,35754,792.8,7382370.8,15929.9,0.78556
Wheat,2018,Rabi       ,Uttar Pradesh,9855900,38039724,792.8,1598626980,3449565,3.85959
Arhar/Tur,2019,Kharif     ,Uttar Pradesh,285000,279213,814.5,48951600,105450,0.97969
Bajra,2019,Kharif     ,Uttar Pradesh,917090,1939329,814.5,157519378.4,339323.3,2.11466
Banana,2019,Summer     ,Uttar Pradesh,72585,3332135,814.5,12467199.6,26856.45,45.90666
Barley,2019,Rabi       ,Uttar Pradesh,166979,523051,814.5,28680313.04,61782.23,3.13244
Coriander,2019,Rabi       ,Uttar Pradesh,7090,5116,814.5,1217778.4,2623.3,0.72158
Cotton(lint),2019,Kharif     ,Uttar Pradesh,3185,7429,814.5,547055.6,1178.45,2.33250
Dry chillies,2019,Kharif     ,Uttar Pradesh,13547,11808,814.5,2326832.72,5012.39,0.87163
Garlic,2019,Rabi       ,Uttar Pradesh,34638,207886,814.5,5949422.88,12816.06,6.00167
Ginger,2019,Kharif     ,Uttar Pradesh,880,4620,814.5,151148.8,325.6,5.25000
Gram,2019,Rabi       ,Uttar Pradesh,620776,851211,814.5,106624485.8,229687.12,1.37120
Groundnut,2019,Kharif     ,Uttar Pradesh,93822,88371,814.5,16114866.72,34714.14,0.94190
Guar seed,2019,Kharif     ,Uttar Pradesh,1979,1418,814.5,339913.04,732.23,0.71652
Jowar,2019,Kharif     ,Uttar Pradesh,168047,226638,814.5,28863752.72,62177.39,1.34866
Linseed,2019,Rabi       ,Uttar Pradesh,27073,18626,814.5,4650058.48,10017.01,0.68799
Maize,2019,Kharif     ,Uttar Pradesh,665264,1641286,814.5,114265744.6,246147.68,2.46712
Maize,2019,Rabi       ,Uttar Pradesh,14992,42414,814.5,2575025.92,5547.04,2.82911
Maize,2019,Summer     ,Uttar Pradesh,48817,120432,814.5,8384807.92,18062.29,2.46701
Masoor,2019,Rabi       ,Uttar Pradesh,463374,453266,814.5,79589118.24,171448.38,0.97819
Moong(Green Gram),2019,Kharif     ,Uttar Pradesh,48924,14042,814.5,8403186.24,18101.88,0.28702
Moong(Green Gram),2019,Summer     ,Uttar Pradesh,44372,39252,814.5,7621334.72,16417.64,0.88461
Onion,2019,Rabi       ,Uttar Pradesh,11734,167327,814.5,2015431.84,4341.58,14.26001
Onion,2019,Summer     ,Uttar Pradesh,16231,265715,814.5,2787836.56,6005.47,16.37083
Peas & beans (Pulses),2019,Rabi       ,Uttar Pradesh,343563,565256,814.5,59010380.88,127118.31,1.64528
Potato,2019,Rabi       ,Uttar Pradesh,552382,14869966,814.5,94877132.32,204381.34,26.91971
Rapeseed &Mustard,2019,Rabi       ,Uttar Pradesh,702889,885907,814.5,120728214.6,260068.93,1.26038
Rice,2019,Kharif     ,Uttar Pradesh,5898690,16947998,814.5,1013158994,2182515.3,2.87318
Rice,2019,Summer     ,Uttar Pradesh,25659,79891,814.5,4407189.84,9493.83,3.11357
Sannhamp,2019,Kharif     ,Uttar Pradesh,1613,460,814.5,277048.88,596.81,0.28518
Sesamum,2019,Kharif     ,Uttar Pradesh,355909,65536,814.5,61130929.84,131686.33,0.18414
Small millets,2019,Kharif     ,Uttar Pradesh,8134,5923,814.5,1397095.84,3009.58,0.72818
Small millets,2019,Summer     ,Uttar Pradesh,53,48,814.5,9103.28,19.61,0.90566
Soyabean,2019,Kharif     ,Uttar Pradesh,22402,11497,814.5,3847767.52,8288.74,0.51321
Sugarcane,2019,Kharif     ,Uttar Pradesh,2208347,179567765,814.5,379305680.7,817088.39,81.31320
Sunflower,2019,Summer     ,Uttar Pradesh,3421,4727,814.5,587590.96,1265.77,1.38176
Sweet potato,2019,Kharif     ,Uttar Pradesh,15852,186148,814.5,2722739.52,5865.24,11.74287
Tobacco,2019,Rabi       ,Uttar Pradesh,34796,97646,814.5,5976560.96,12874.52,2.80624
Tobacco,2019,Summer     ,Uttar Pradesh,250,461,814.5,42940,92.5,1.84400
Turmeric,2019,Rabi       ,Uttar Pradesh,1894,2669,814.5,325313.44,700.78,1.40919
Urad,2019,Kharif     ,Uttar Pradesh,518986,212530,814.5,89141035.36,192024.82,0.40951
Urad,2019,Summer     ,Uttar Pradesh,45487,32575,814.5,7812847.12,16830.19,0.71614
Wheat,2019,Rabi       ,Uttar Pradesh,9852504,36209665,814.5,1692266087,3645426.48,3.67517
Bajra,2002,Kharif     ,Uttar Pradesh,831306,1072525,664,78699739.02,207826.5,1.29017
Barley,2002,Rabi       ,Uttar Pradesh,242586,556740,664,22965616.62,60646.5,2.29502
Cotton(lint),2002,Kharif     ,Uttar Pradesh,4987,3418,664,472119.29,1246.75,0.68538
Gram,2002,Rabi       ,Uttar Pradesh,855436,766108,664,80984126.12,213859,0.89558
Groundnut,2002,Kharif     ,Uttar Pradesh,81715,53549,664,7735959.05,20428.75,0.65531
Jowar,2002,Kharif     ,Uttar Pradesh,268145,244099,664,25385287.15,67036.25,0.91032
Linseed,2002,Rabi       ,Uttar Pradesh,37345,16151,664,3535451.15,9336.25,0.43248
Maize,2002,Kharif     ,Uttar Pradesh,755265,836410,664,71500937.55,188816.25,1.10744
Maize,2002,Rabi       ,Uttar Pradesh,19933,22064,664,1887057.11,4983.25,1.10691
Masoor,2002,Rabi       ,Uttar Pradesh,563280,430561,664,53325717.6,140820,0.76438
Moong(Green Gram),2002,Kharif     ,Uttar Pradesh,22130,6235,664,2095047.1,5532.5,0.28174
Moong(Green Gram),2002,Summer     ,Uttar Pradesh,31599,18453,664,2991477.33,7899.75,0.58397
Moth,2002,Kharif     ,Uttar Pradesh,258,106,664,24424.86,64.5,0.41085
Onion,2002,Rabi       ,Uttar Pradesh,8199,84614,664,776199.33,2049.75,10.32004
Onion,2002,Summer     ,Uttar Pradesh,11157,124734,664,1056233.19,2789.25,11.17989
Onion,2002,Whole Year ,Uttar Pradesh,61,630,664,5774.87,15.25,10.32787
Peas & beans (Pulses),2002,Rabi       ,Uttar Pradesh,339606,417961,664,32150500.02,84901.5,1.23072
Potato,2002,Whole Year ,Uttar Pradesh,442030,10244139,664,41846980.1,110507.5,23.17521
Ragi,2002,Rabi       ,Uttar Pradesh,590,864,664,55855.3,147.5,1.46441
Rapeseed &Mustard,2002,Rabi       ,Uttar Pradesh,558989,500988,664,52919488.63,139747.25,0.89624
Rice,2002,Kharif     ,Uttar Pradesh,5209137,9586935,664,493148999.8,1302284.25,1.84041
Rice,2002,Summer     ,Uttar Pradesh,4292,9411,664,406323.64,1073,2.19268
Sannhamp,2002,Whole Year ,Uttar Pradesh,4001,1262,664,378774.67,1000.25,0.31542
Sesamum,2002,Kharif     ,Uttar Pradesh,80211,12934,664,7593575.37,20052.75,0.16125
Small millets,2002,Kharif     ,Uttar Pradesh,21825,13923,664,2066172.75,5456.25,0.63794
Soyabean,2002,Kharif     ,Uttar Pradesh,4735,767,664,448262.45,1183.75,0.16199
Sugarcane,2002,Whole Year ,Uttar Pradesh,2148981,120948041,664,203444031.3,537245.25,56.28158
Sunflower,2002,Kharif     ,Uttar Pradesh,7230,10383,664,684464.1,1807.5,1.43610
Tobacco,2002,Whole Year ,Uttar Pradesh,23107,139898,664,2187539.69,5776.75,6.05436
Turmeric,2002,Whole Year ,Uttar Pradesh,1116,2027,664,105651.72,279,1.81631
Urad,2002,Kharif     ,Uttar Pradesh,401329,159899,664,37993816.43,100332.25,0.39842
Urad,2002,Summer     ,Uttar Pradesh,55902,29881,664,5292242.34,13975.5,0.53452
Wheat,2002,Rabi       ,Uttar Pradesh,9162749,23745162,664,867437447.8,2290687.25,2.59149
Bajra,2004,Kharif     ,Uttar Pradesh,878399,1335462,704,95165747.66,184463.79,1.52034
Banana,2004,Whole Year ,Uttar Pradesh,1615,58736,704,174969.1,339.15,36.36904
Barley,2004,Rabi       ,Uttar Pradesh,209126,413054,704,22656710.84,43916.46,1.97514
Cotton(lint),2004,Kharif     ,Uttar Pradesh,5612,945,704,608004.08,1178.52,0.16839
Dry chillies,2004,Whole Year ,Uttar Pradesh,19027,16919,704,2061385.18,3995.67,0.88921
Garlic,2004,Whole Year ,Uttar Pradesh,32348,140083,704,3504582.32,6793.08,4.33050
Gram,2004,Rabi       ,Uttar Pradesh,692987,634701,704,75078211.58,145527.27,0.91589
Groundnut,2004,Kharif     ,Uttar Pradesh,95298,78428,704,10324585.32,20012.58,0.82298
Guar seed,2004,Whole Year ,Uttar Pradesh,2461,2084,704,266624.74,516.81,0.84681
Jowar,2004,Kharif     ,Uttar Pradesh,243547,249206,704,26385881.98,51144.87,1.02324
Linseed,2004,Rabi       ,Uttar Pradesh,39106,18002,704,4236744.04,8212.26,0.46034
Maize,2004,Kharif     ,Uttar Pradesh,841751,1294882,704,91195303.34,176767.71,1.53832
Maize,2004,Rabi       ,Uttar Pradesh,4156,19263,704,450261.04,872.76,4.63499
Onion,2004,Whole Year ,Uttar Pradesh,18430,210477,704,1996706.2,3870.3,11.42035
Potato,2004,Rabi       ,Uttar Pradesh,435135,9739656,704,47142525.9,91378.35,22.38307
Rapeseed &Mustard,2004,Rabi       ,Uttar Pradesh,618640,613991,704,67023457.6,129914.4,0.99249
Rice,2004,Kharif     ,Uttar Pradesh,5934405,10749989,704,642933437.7,1246225.05,1.81147
Sannhamp,2004,Kharif     ,Uttar Pradesh,3254,901,704,352538.36,683.34,0.27689
Sesamum,2004,Kharif     ,Uttar Pradesh,125525,20030,704,13599378.5,26360.25,0.15957
Small millets,2004,Kharif     ,Uttar Pradesh,15937,5693,704,1726614.58,3346.77,0.35722
Soyabean,2004,Kharif     ,Uttar Pradesh,9306,3843,704,1008212.04,1954.26,0.41296
Sugarcane,2004,Kharif     ,Uttar Pradesh,2002320,121755620,704,216931348.8,420487.2,60.80727
Sunflower,2004,Summer     ,Uttar Pradesh,14432,28358,704,1563562.88,3030.72,1.96494
Sweet potato,2004,Whole Year ,Uttar Pradesh,23096,257051,704,2502220.64,4850.16,11.12968
Tobacco,2004,Whole Year ,Uttar Pradesh,23780,129494,704,2576325.2,4993.8,5.44550
Turmeric,2004,Rabi       ,Uttar Pradesh,1594,2770,704,172693.96,334.74,1.73777
Wheat,2004,Rabi       ,Uttar Pradesh,9373402,23430044,704,1015514373,1968414.42,2.49963
Bajra,2005,Kharif     ,Uttar Pradesh,869288,1246252,751.9,104245017,182550.48,1.43365
Banana,2005,Whole Year ,Uttar Pradesh,1991,75867,751.9,238760.72,418.11,38.10497
Barley,2005,Rabi       ,Uttar Pradesh,214717,413368,751.9,25748862.64,45090.57,1.92518
Coriander,2005,Whole Year ,Uttar Pradesh,5591,3200,751.9,670472.72,1174.11,0.57235
Cotton(lint),2005,Kharif     ,Uttar Pradesh,4366,889,751.9,523570.72,916.86,0.20362
Dry chillies,2005,Whole Year ,Uttar Pradesh,14999,13790,751.9,1798680.08,3149.79,0.91939
Garlic,2005,Whole Year ,Uttar Pradesh,30748,133975,751.9,3687300.16,6457.08,4.35719
Gram,2005,Rabi       ,Uttar Pradesh,738865,660574,751.9,88604690.8,155161.65,0.89404
Guar seed,2005,Whole Year ,Uttar Pradesh,2327,1884,751.9,279053.84,488.67,0.80963
Jowar,2005,Kharif     ,Uttar Pradesh,227183,241858,751.9,27243785.36,47708.43,1.06460
Linseed,2005,Rabi       ,Uttar Pradesh,35939,14859,751.9,4309804.88,7547.19,0.41345
Maize,2005,Kharif     ,Uttar Pradesh,810306,1040607,751.9,97171895.52,170164.26,1.28421
Onion,2005,Whole Year ,Uttar Pradesh,25535,328222,751.9,3062157.2,5362.35,12.85381
Potato,2005,Rabi       ,Uttar Pradesh,445197,9986781,751.9,53388024.24,93491.37,22.43227
Rapeseed &Mustard,2005,Rabi       ,Uttar Pradesh,562270,645985,751.9,67427418.4,118076.7,1.14889
Rice,2005,Kharif     ,Uttar Pradesh,5571524,11119095,751.9,668137158.1,1170020.04,1.99570
Sannhamp,2005,Kharif     ,Uttar Pradesh,4224,1457,751.9,506542.08,887.04,0.34493
Sesamum,2005,Kharif     ,Uttar Pradesh,102225,18175,751.9,12258822,21467.25,0.17779
Small millets,2005,Kharif     ,Uttar Pradesh,20663,14011,751.9,2477906.96,4339.23,0.67807
Soyabean,2005,Kharif     ,Uttar Pradesh,3852,3016,751.9,461931.84,808.92,0.78297
Sugarcane,2005,Kharif     ,Uttar Pradesh,2155791,125469871,751.9,258522456.7,452716.11,58.20131
Sunflower,2005,Summer     ,Uttar Pradesh,12599,16097,751.9,1510872.08,2645.79,1.27764
Sweet potato,2005,Whole Year ,Uttar Pradesh,20476,267901,751.9,2455481.92,4299.96,13.08366
Tobacco,2005,Whole Year ,Uttar Pradesh,20591,123362,751.9,2469272.72,4324.11,5.99106
Turmeric,2005,Rabi       ,Uttar Pradesh,979,4364,751.9,117401.68,205.59,4.45761
Wheat,2005,Rabi       ,Uttar Pradesh,9163949,23573776,751.9,1098940764,1924429.29,2.57245
